Jimi;jimi;Reparatie/Onderhoud/APK;apk keuring;
Cindy;jong;Reparatie/Onderhoud/APK;Deur kan niet meer open;
Ingrid;ingrid;Reparatie/Onderhoud/APK;Achterwiel is leeg;
Rob;rob;Reparatie/Onderhoud/APK;APK keuring;
Rik;rik;Parkeren;laten staan voor 2 dagen;
Mounia;mounia;Tanken;volgooien met benzine;
Rory;rory;Reparatie/Onderhoud/APK;achterwielen vervangen;
Danielle;danielle;Reparatie/Onderhoud/APK;voorwielen vervangen;
Martin;martin;Reparatie/Onderhoud/APK;Raampje van de deur kan niet meer open;
1234;annette;Parkeren;Parkeren voor 30 dagen;
test11;divergent;Reparatie/Onderhoud/APK;APK keuring;
test11;divergent;Reparatie/Onderhoud/APK;;