Jimi;Jimi Verhoeven;jimi;jimi;jimi@gmail.com;jimi@gmail.com;straat 1;1111AD;
Cindy;Cindy Jong;jong;jong;viddrawings@gmail.com;viddrawings@gmail.com;straat 2;1122BB;
Ingrid;Ingrid de Jong;ingrid;ingrid;ingrid@gmail.com;ingrid@gmail.com;straat 3;1223HJ;
Rob;Rob Huijdts;rob;rob;rob@gmail.com;rob@gmail.com;straat 4;1111AD;
Rik;Rik Boss;rik;rik;rik@gmail.com;rik@gmail.com;straat 5;1222xy;
Mounia;Mounia Belmamoune;mounia;mounia;mounia@gmail.com;mounia@gmail.com;straat 6;werf11;
Rory;Rory Sie;rory;rory;rory@gmail.com;rory@gmail.com;straat 7;1345HH;
Danielle;Danielle Jong;danielle;danielle;danielle@gmail.com;danielle@gmail.com;straat 8;4566KK;
Martin;Martin Luhrman;martin;martin;martin@gmail.com;martin@gmail.com;straat 8;8848JI;
1234;Annette Laptop;annette;annette;annette@gmail.com;annette@gmail.com;straat 9;7374YY;
test11;Beatris prior;divergent;divergent;atdtest@gmail.com;atdtest@gmail.com;prior peak 12;1324po;
test15;bayonetta;witch;witch;atdtest@mailcatch.com;atdtest@mailcatch.com;angellane 12;2211bv;
test21;Harley quinn;joker;joker;atdtestmailcatch.com;atdtestmailcatch.com;arkham;1234hq;